product_id,mean,std,error_margin
0,0.9755274258484457,0.041961711883544923,0.08443021323199579
1,0.5353021268248421,0.025177027130126955,0.09253982754446918
