product_id,mean,std,error_margin
0,0.7631931435774288,0.027656582832336428,0.07147911729207718
1,0.7785206920008998,0.01506806926727295,0.03813489845605433
