product_id,mean,std,error_margin
0,0.22377625036047788,0.005531316566467286,0.04967063221237449
1,0.8375986999184125,0.03662113037109375,0.08583865911444043
