product_id,mean,std,error_margin
0,0.8656263759823791,0.01392365894317627,0.03188054887250941
1,0.11108568990373135,0.0017166154861450198,0.03238994572377803
