product_id,mean,std,error_margin
0,0.7184478354236923,0.028038052940368652,0.0767582134681117
1,0.5365691903827099,0.009536752700805666,0.035470338452698716
