product_id,mean,std,error_margin
0,0.34732740119839844,0.002479555702209473,0.014127248327781006
1,0.5549346292555115,0.010299692916870117,0.036607005656222734
