product_id,mean,std,error_margin
0,0.2736787567548984,0.008392342376708986,0.06117396036114103
1,0.9276585781023302,0.0017166154861450198,0.003782183562393482
